{"timestamp":1748778196201,"random":0.9113195927973499,"counter":631,"data":[0.2888933325684966]}
