{"timestamp":1748778496079,"random":0.4460976589983898,"counter":597,"data":[0.23247795065658794,0.7165962802887025,0.2322297950783634,0.6827663345178769]}
