{"timestamp":1748778124832,"random":0.7038682282240711,"counter":962,"data":[0.589514861579282,0.654608877609145,0.5646152058407625]}
