{"timestamp":1748778824567,"random":0.5613554365687583,"counter":63,"data":[0.6072162461346493,0.8389788613030771,0.2428020777255675]}
