{"timestamp":1748778162227,"random":0.10091093122954242,"counter":89,"data":[0.3571313675677563,0.27944306904276495]}
