{"timestamp":1748777482625,"random":0.9161349379280697,"counter":82,"data":[0.1556180327036203,0.904808445936367,0.1391774284826548,0.916989586663598]}
