{"timestamp":1748777872801,"random":0.27751284294253664,"counter":516,"data":[0.8159081659107592,0.5460394374487327,0.6959792269589853]}
