{"timestamp":1748778752200,"random":0.5793479172577962,"counter":694,"data":[0.46712385210900265]}
