{"timestamp":1748778391320,"random":0.3757175645206301,"counter":61,"data":[0.22813255979714575,0.9890008490646622,0.9346925206512833,0.5734916332721305]}
