{"timestamp":1748778501801,"random":0.1498038923540137,"counter":100,"data":[0.4320409095059565,0.8907987074333774,0.37389586360722493,0.10411365381819904]}
