{"timestamp":1748777762178,"random":0.3499104370277133,"counter":52,"data":[0.03395805766967008,0.2755921624613926,0.2928891204185473,0.7451836702887282,0.6162409083901788]}
