{"timestamp":1748777844033,"random":0.6095059727076777,"counter":805,"data":[0.8144848012752717,0.3931392519047967,0.315181957807543,0.775705927342117]}
