{"timestamp":1748778733888,"random":0.36868646774779146,"counter":199,"data":[0.5625433087128986,0.6495518505230387,0.8383394334644256,0.35335423547299505,0.7167326489353165]}
