{"timestamp":1748778258547,"random":0.8374548978505347,"counter":41,"data":[0.35875496865983325,0.8749384999140093,0.04003745972842809,0.8581365414040776]}
