{"timestamp":1748778154304,"random":0.0620414185726601,"counter":845,"data":[0.25428500780057517,0.7961366565632064,0.7679933674157686,0.35955266066418545,0.231846289612073]}
