{"timestamp":1748777139691,"random":0.1344130302750841,"counter":299,"data":[0.10973471123826029]}
