{"timestamp":1748778903814,"random":0.8632148216329927,"counter":222,"data":[0.42761971645390573,0.9351907945680629,0.541044120009776]}
