{"timestamp":1748777180988,"random":0.09023380611353926,"counter":924,"data":[0.9281203503480469,0.3385807805271712,0.8315107151462238,0.3030764832636994]}
