{"timestamp":1748777800202,"random":0.7807981910193276,"counter":533,"data":[0.08133691145149347,0.027562018863759752,0.02889240753078215,0.2062523610216509,0.18400050546048607]}
