{"timestamp":1748777343857,"random":0.6401223773057618,"counter":763,"data":[0.993568163589424,0.7418230356490507,0.7559216628839212,0.8129564134612726,0.8298939195994504]}
