{"timestamp":1748777936134,"random":0.18646492781461688,"counter":614,"data":[0.993611893655219,0.018111970253161358,0.9528241199797118,0.29998084694174,0.6548576469128649]}
