{"timestamp":1748778867227,"random":0.36029475744373585,"counter":256,"data":[0.5751802002655728,0.39987756189054835,0.9755762875398017,0.30444858319451584,0.4707772493339353]}
