{"timestamp":1748778113430,"random":0.8586588977756313,"counter":286,"data":[0.812212431666633,0.876258504879369]}
