{"timestamp":1748777889455,"random":0.2243222165299661,"counter":525,"data":[0.15017917934851055,0.5591925730466045,0.6105283746125632,0.30229644387132604,0.5311428712744328]}
