{"timestamp":1748777505137,"random":0.152990590703727,"counter":309,"data":[0.980028314843695,0.8891569302483169,0.3872961375622108,0.1766672942327292,0.9966005912262388]}
