{"timestamp":1748777338609,"random":0.2725854487705841,"counter":509,"data":[0.7140290440660468,0.2894401588374418,0.6527209709358697,0.43072194013033305,0.19413327840744143]}
