{"timestamp":1748778838687,"random":0.23661258174892996,"counter":657,"data":[0.42649789130603266,0.42721180342637166]}
