{"timestamp":1748778829856,"random":0.42770949850306006,"counter":635,"data":[0.17366573568680277,0.6500662282778191]}
