{"timestamp":1748778384793,"random":0.8301329365591581,"counter":233,"data":[0.29715876244668027]}
