{"timestamp":1748778029754,"random":0.6147406712915295,"counter":477,"data":[0.1916310067043021]}
