{"timestamp":1748778050889,"random":0.3105379911617643,"counter":880,"data":[0.789528836912442,0.464734016636257,0.9950027774877963,0.43681453521112457]}
