{"timestamp":1748778469496,"random":0.2737974245720125,"counter":636,"data":[0.4001997935148338,0.11120147256446344,0.034151965160835074,0.7160884903715103,0.5992481887946481]}
