{"timestamp":1748778772281,"random":0.4593560994080106,"counter":425,"data":[0.26080471732657706,0.2605576103652938,0.5014186502285685,0.6831963565392396]}
