{"timestamp":1748778851238,"random":0.3874833965779372,"counter":554,"data":[0.0034698232748482383,0.40698553317818886,0.3456427085610574]}
