{"timestamp":1748778252127,"random":0.7594120414640371,"counter":612,"data":[0.9126909806846162,0.23407941847550728,0.05747161665318745,0.12866152343708692]}
