{"timestamp":1748777786730,"random":0.8158062493207932,"counter":252,"data":[0.36772839620151365,0.7709957177269058]}
