{"timestamp":1748778214013,"random":0.41663567890072173,"counter":349,"data":[0.16208872611075487,0.38868688894205894,0.8008819259573705,0.3623055155734993]}
