{"timestamp":1748778207935,"random":0.6592237451163407,"counter":715,"data":[0.042294248635796894,0.6372446769076769]}
