{"timestamp":1748778147552,"random":0.781362768474172,"counter":974,"data":[0.9209591718466943,0.48335945269904945,0.8247080162961113]}
