{"timestamp":1748778390945,"random":0.0532094375221317,"counter":35,"data":[0.7956320131219412,0.42892711934495353,0.4463407789072582,0.8563005648243593,0.8036629430888409]}
