{"timestamp":1748778916826,"random":0.7093567285214584,"counter":525,"data":[0.13602355565114244,0.18291866615821273,0.009851700866558621,0.21791805123037,0.6261797645158087]}
