{"timestamp":1748777100623,"random":0.41469555416803083,"counter":751,"data":[0.5628544932744051,0.18842604985008782,0.7194850557061143,0.3056645124686319,0.30466636808488]}
