{"timestamp":1748778373019,"random":0.5650189798702003,"counter":657,"data":[0.36764254671924146,0.3274769552519723,0.46958165894980586,0.9301821914331829]}
