{"timestamp":1748777193582,"random":0.9391077559898882,"counter":76,"data":[0.3283234932238097,0.9077563207284891]}
